Tank,Vol_cum
310,191.53037974683457
312,119.6
337,105.90000000000356
350,210.99999999999994
352,-1.2666666666666666
360,21.0
361,121.04347826086956
