Tank,Vol_cum
312,138.89999999999273
337,1.0
339,97.80588407494162
350,180.0
360,66.0
361,179.98604651163157
374,66.25
