Tank,Vol_cum
312,148.00000000000003
332,3.0
337,92.5
339,103.69999999999982
350,272.99999999999994
351,-8.7
352,-1.5483870967741935
376,133.63043478259954
